<?xml version="1.0" encoding="windows-1251" standalone="yes"?>
<?xml-stylesheet type="text/xsl" href="smexport.xsl"?>  <DATAPACKET Version="2.0"><ROWDATA><ROW LINE0="Scalabium SMExport demo: TStringGrid to XML file"/><ROW/><ROW Column0="Random2025" Column1="Random5008" Column2="Random2878" Column3="Random6729" Column4="Random6637"/><ROW Column0="Random2729" Column1="Random216" Column2="Random936" Column3="Random2274" Column4="Random1582"/><ROW Column0="Random6716" Column1="Random5929" Column2="Random6289" Column3="Random5703" Column4="Random2300"/><ROW Column0="Random3186" Column1="Random96" Column2="Random2800" Column3="Random2544" Column4="Random9465"/><ROW Column0="Random1617" Column1="Random7744" Column2="Random8771" Column3="Random3658" Column4="Random3649"/><ROW Column0="Random3722" Column1="Random6506" Column2="Random1612" Column3="Random8370" Column4="Random1267"/><ROW Column0="Random4256" Column1="Random7704" Column2="Random2731" Column3="Random3145" Column4="Random9869"/><ROW Column0="Random820" Column1="Random7081" Column2="Random5436" Column3="Random3148" Column4="Random3062"/><ROW Column0="Random4747" Column1="Random5575" Column2="Random9607" Column3="Random6564" Column4="Random544"/><ROW Column0="Random705" Column1="Random2060" Column2="Random1743" Column3="Random6922" Column4="Random1019"/><ROW Column0="Random8408" Column1="Random6810" Column2="Random1570" Column3="Random9029" Column4="Random8666"/><ROW Column0="Random597" Column1="Random5928" Column2="Random2681" Column3="Random3186" Column4="Random5544"/><ROW Column0="Random2932" Column1="Random9554" Column2="Random1774" Column3="Random4786" Column4="Random6971"/><ROW Column0="Random9172" Column1="Random6440" Column2="Random5767" Column3="Random2964" Column4="Random1006"/><ROW Column0="Random3679" Column1="Random9983" Column2="Random4981" Column3="Random7667" Column4="Random6688"/><ROW Column0="Random7746" Column1="Random2437" Column2="Random2851" Column3="Random7405" Column4="Random165"/><ROW Column0="Random3279" Column1="Random6761" Column2="Random1559" Column3="Random5519" Column4="Random3098"/><ROW Column0="Random6976" Column1="Random2956" Column2="Random6097" Column3="Random7235" Column4="Random9042"/><ROW Column0="Random8441" Column1="Random858" Column2="Random7396" Column3="Random4116" Column4="Random5352"/><ROW Column0="Random7179" Column1="Random7723" Column2="Random7464" Column3="Random5420" Column4="Random3270"/><ROW Column0="Random3066" Column1="Random4952" Column2="Random803" Column3="Random5958" Column4="Random4424"/><ROW Column0="Random1626" Column1="Random8816" Column2="Random763" Column3="Random8805" Column4="Random9006"/><ROW Column0="Random3294" Column1="Random5099" Column2="Random597" Column3="Random6689" Column4="Random3471"/><ROW Column0="Random4660" Column1="Random5733" Column2="Random1065" Column3="Random1123" Column4="Random3537"/><ROW Column0="Random2466" Column1="Random9531" Column2="Random7955" Column3="Random4717" Column4="Random4878"/><ROW Column0="Random8256" Column1="Random6848" Column2="Random8058" Column3="Random4036" Column4="Random715"/><ROW Column0="Random2790" Column1="Random3387" Column2="Random3816" Column3="Random1147" Column4="Random8508"/><ROW Column0="Random4817" Column1="Random76" Column2="Random6120" Column3="Random538" Column4="Random7603"/><ROW Column0="Random1491" Column1="Random7053" Column2="Random4368" Column3="Random5486" Column4="Random1803"/><ROW Column0="Random8743" Column1="Random9889" Column2="Random7408" Column3="Random6734" Column4="Random9228"/><ROW Column0="Random2872" Column1="Random7740" Column2="Random4939" Column3="Random807" Column4="Random4935"/><ROW Column0="Random7727" Column1="Random7495" Column2="Random3412" Column3="Random9217" Column4="Random1275"/><ROW Column0="Random9764" Column1="Random1977" Column2="Random8188" Column3="Random8387" Column4="Random8923"/><ROW Column0="Random4925" Column1="Random1436" Column2="Random8170" Column3="Random6814" Column4="Random4032"/><ROW Column0="Random8879" Column1="Random9135" Column2="Random1413" Column3="Random9270" Column4="Random2075"/><ROW Column0="Random8272" Column1="Random7841" Column2="Random934" Column3="Random2772" Column4="Random8071"/><ROW Column0="Random202" Column1="Random5892" Column2="Random671" Column3="Random7008" Column4="Random5874"/><ROW Column0="Random1410" Column1="Random8647" Column2="Random602" Column3="Random7344" Column4="Random1098"/><ROW/><ROW LINE42="Generated by SMExport suite: http://www.scalabium.com"/></ROWDATA></DATAPACKET>